<application>
  <component name="CodeInsightSettings">
    <option name="COMPLETION_CASE_SENSITIVE" value="2" />
    <option name="SHOW_FULL_SIGNATURES_IN_PARAMETER_INFO" value="true" />
  </component>
  <component name="DaemonCodeAnalyzerSettings">
    <option name="SHOW_METHOD_SEPARATORS" value="true" />
  </component>
  <component name="DefaultFont">
    <option name="FONT_SIZE" value="18" />
    <option name="FONT_FAMILY" value="JetBrains Mono Medium" />
  </component>
  <component name="EditorSettings">
    <option name="USE_SOFT_WRAPS" value="MAIN_EDITOR:CONSOLE" />
    <option name="SOFT_WRAP_FILE_MASKS" value="*.md; *.txt; *.rst; *.adoc;*.java;*.yml;*.xml;*.properties" />
  </component>
</application>