<keymap version="1" name="Default copy" parent="$default">
  <action id="ActivateDatabaseToolWindow">
    <keyboard-shortcut first-keystroke="ctrl alt 2" />
  </action>
  <action id="ActivateMavenToolWindow">
    <keyboard-shortcut first-keystroke="ctrl alt 1" />
  </action>
  <action id="ActivateRESTClientToolWindow">
    <keyboard-shortcut first-keystroke="alt r" />
  </action>
  <action id="ActivateTerminalToolWindow">
    <keyboard-shortcut first-keystroke="alt f12" />
    <keyboard-shortcut first-keystroke="alt t" />
  </action>
  <action id="NewClass">
    <keyboard-shortcut first-keystroke="alt n" />
  </action>
  <action id="NewDir">
    <keyboard-shortcut first-keystroke="alt p" />
  </action>
  <action id="NewFile">
    <keyboard-shortcut first-keystroke="alt f" />
  </action>
  <action id="NewModule">
    <keyboard-shortcut first-keystroke="alt m" />
  </action>
  <action id="TranslatePlugin.TranslateAction">
    <keyboard-shortcut first-keystroke="ctrl meta t" />
    <keyboard-shortcut first-keystroke="alt z" />
  </action>
  <action id="Vcs.ToggleAmendCommitMode" />
  <action id="VimPluginToggle">
    <keyboard-shortcut first-keystroke="ctrl semicolon" />
  </action>
</keymap>